id,name,email,address,phone_number
37545,Edeolinda,edeolinda.dias@example.com,Campina Grande,(98) 5711-1494
73168,Jimi,jimi.savela@example.com,Jomala,03-508-778
56317,Abigail,abigail.hall@example.com,Whangarei,(261)-824-8158
52779,Damaris,damaris.lemoine@example.com,Caslano,076 506 34 90
73619,Arnim,arnim.knauer@example.com,Augsburg,0614-3239934
23470,Jimi,jimi.heino@example.com,Lapua,07-688-649
77690,Mirko,mirko.kehr@example.com,Bad Berneck im Fichtelgebirge,0853-7208611
39975,Frank-Michael,frank-michael.scheck@example.com,Papenburg,0622-8852427
11752,Benjamin,benjamin.jorgensen@example.com,Roedovre,27213588
68012,Minea,minea.jokela@example.com,Rautjärvi,09-926-108
42234,Chloe,chloe.moreno@example.com,Busselton,07-4285-8464
48218,Stella,stella.gerlach@example.com,Büdingen,0651-5417863
88876,Andrin,andrin.blanchard@example.com,Signy-Avenex,075 563 25 30
90493,Gene,gene.sims@example.com,Armagh,017684 75942
50707,Travis,travis.davidson@example.com,Nenagh,021-106-7545
9889,Suzanne,suzanne.hunt@example.com,Durham,016973 75751
20254,Pedro,pedro.iglesias@example.com,Ciudad Real,910-399-260
3112,Aderico,aderico.lima@example.com,Niterói,(29) 9998-3213
31177,Ella,ella.oja@example.com,Ypäjä,02-036-436
19970,Helmi,helmi.waara@example.com,Kangasniemi,03-357-194
